Lynn Y. Lane,"P.O. Box 806, 5784 Adipiscing Road",Panama,(496) 438-3936,863811-8896
Craig A. Marks,1683 Primis Av.,"Palestine, State of",(267) 181-1525,185098-9664
Venus K. Wooten,478-3002 Neque. Street,Togo,(492) 616-1465,835568-8980
Ifeoma Q. Alford,574-9507 Integer St.,French Guiana,(728) 524-7469,589242-0851
Xaviera Q. Keller,"P.O. Box 796, 6845 At St.",Romania,(972) 587-0317,113246-7109
Teagan X. Barlow,7802 Urna. St.,Italy,(407) 825-4265,892826-3865
Anastasia I. Gregory,"P.O. Box 907, 7803 Eleifend. St.",Kenya,(647) 244-8309,304519-2550
Hunter W. Soto,Ap #911-8124 Eget Ave,Sierra Leone,(967) 574-1705,488147-6610
Ahmed M. Baker,"Ap #252-5421 At, Rd.",Oman,(557) 465-1997,525926-0049
September Y. Carter,5659 Dui. St.,"Virgin Islands, United States",(724) 578-8290,607064-8131
Ahmed W. Ramsey,4278 Nec Av.,Sierra Leone,(950) 433-9335,763513-4476
Tate V. Shepherd,Ap #748-6362 Ullamcorper Street,Suriname,(776) 820-4067,607412-3362
Tatiana F. Duncan,"195-2365 Eu, Street",Mayotte,(936) 515-9001,974615-9681
Isadora H. Munoz,7029 Morbi Rd.,Turks and Caicos Islands,(919) 732-4098,138089-7833
Preston X. Montoya,9941 Aliquam Ave,Timor-Leste,(193) 109-3193,922318-6710
Ariel I. Nicholson,"3665 Rutrum, Street","Bonaire, Sint Eustatius and Saba",(575) 889-7334,073682-3923
Kamal S. Cobb,"6395 Ultrices, Rd.",Switzerland,(496) 416-8668,415386-3594
Echo U. Nolan,"423-7615 Ullamcorper, Avenue",Thailand,(776) 689-7392,297506-5067
Inez M. Trujillo,1920 At Rd.,Australia,(367) 385-9547,994259-6629
Phoebe S. Wilkerson,5989 Nunc Street,Austria,(488) 196-1238,028548-4143
Veronica R. Hendricks,Ap #987-1171 Velit St.,Japan,(115) 866-6946,534358-7605
Chastity N. Hudson,"P.O. Box 719, 7660 Risus. Street",Slovenia,(199) 496-9801,954703-4414
Imelda P. Molina,114 Risus. Avenue,Switzerland,(562) 675-4103,089230-3736
Aquila Z. Mcdaniel,Ap #243-9295 Lorem. Rd.,Saint Kitts and Nevis,(873) 308-2048,852141-4303
Joshua B. Conley,"P.O. Box 723, 530 Tortor. Rd.",Finland,(494) 259-0567,087832-7543
Illana D. Black,"P.O. Box 864, 5935 Id Avenue",Australia,(980) 885-4200,159951-4625
Prescott Z. Bird,Ap #621-4517 Facilisis Rd.,Turks and Caicos Islands,(391) 319-6905,117273-7494
Skyler M. Aguirre,248-1161 Mauris Avenue,Nigeria,(576) 144-2756,688912-7715
Quemby M. Richmond,Ap #113-4941 Turpis. Av.,Kuwait,(729) 648-9853,935574-3346
Rigel X. Tyson,Ap #170-3578 Nunc St.,Jersey,(593) 674-8765,838114-3174
Sonia M. Norris,"P.O. Box 757, 8516 Natoque Rd.",Ethiopia,(566) 407-9453,474236-1480
Inga W. Holcomb,7536 Nunc Rd.,Sweden,(727) 593-1832,244888-2767
Lee D. Hanson,761-6901 Dictum Street,Guatemala,(439) 827-7629,703586-9093
Alden A. Gates,Ap #607-6403 Metus. Road,Cocos (Keeling) Islands,(527) 861-5723,346335-1373
Jana P. Quinn,Ap #157-908 Mi Av.,Palau,(874) 342-2853,322661-8266
Lillith J. Witt,847-6506 Duis Ave,El Salvador,(391) 290-9610,708410-1299
Porter A. Hebert,"P.O. Box 939, 6308 Scelerisque Ave",Lebanon,(744) 529-5109,297987-7657
Clayton D. Bryant,"P.O. Box 940, 5658 Vestibulum Avenue",Ecuador,(308) 117-1042,869594-4838
Mechelle S. Fischer,"P.O. Box 548, 5515 In Avenue",Bulgaria,(766) 353-8154,836079-3486
Harding V. Berry,Ap #818-800 Elit. Avenue,Liberia,(182) 889-8702,735723-1674
Rhona K, England,Ap #193-1392 Sit Road,"Virgin Islands, United States",(151) 405-5437,439017-6784
Pamela I. Mathews,5415 Pellentesque Avenue,"Palestine, State of",(789) 775-3700,442551-8091
Jaquelyn F. Francis,131 Sem Av.,Colombia,(754) 487-5846,032748-3954
Aquila K. Mcguire,Ap #987-5731 Blandit Street,Montserrat,(143) 387-3759,248443-3129
Anika N. Villarreal,"P.O. Box 476, 682 Semper, Rd.",Cameroon,(769) 812-7347,125246-5784
Sydnee H. Bullock,Ap #130-2849 Nullam Rd.,United Arab Emirates,(122) 186-2508,823240-9337
Christen F. Lee,8229 Nunc St.,Azerbaijan,(621) 643-2113,312086-3836
Illana Z. Paul,Ap #877-5296 Facilisis St.,Malta,(534) 442-2865,328325-1555
Neil T. Hines,842-5640 Augue Rd.,Gibraltar,(878) 711-0352,882600-3025
Daniel M. Stevenson,"P.O. Box 986, 5493 Quisque Rd.",Israel,(228) 314-9624,209497-7085
Keiko G. Cooper,"P.O. Box 380, 3026 Aenean Road",Cocos (Keeling) Islands,(971) 649-9291,948221-1589
Aiko I. Macdonald,"P.O. Box 249, 8604 In Av.",Latvia,(501) 419-7362,944292-9569
Stacy A. Rocha,"P.O. Box 965, 232 Elit. Street",Timor-Leste,(512) 184-5916,667248-6450
Hunter L. Griffin,268-3279 Ullamcorper Street,United States Minor Outlying Islands,(732) 607-9384,732409-1581
Colleen K. Barlow,Ap #223-8667 Lorem. Ave,Chile,(543) 293-3115,933023-8909
Ferdinand T. Doyle,"P.O. Box 152, 3107 Parturient Avenue",Cayman Islands,(375) 392-1389,368835-7411
Luke M. Hatfield,630-8260 Sed St.,Antarctica,(703) 959-9615,063327-1333
Graiden N. Cooper,"P.O. Box 433, 9578 Orci. Street",Morocco,(840) 626-5259,878226-5634
Penelope W. Talley,363-2483 Morbi St.,Mexico,(509) 991-8038,523185-4828
Judith Z. Davis,388-3369 Tristique St.,Tonga,(678) 702-2456,307790-5564
Adena P. Burt,"589-8583 Auctor, Street",Mauritius,(900) 308-1872,299277-9633
Burton X. Lloyd,Ap #378-1163 Auctor. Street,Sint Maarten,(389) 887-1385,387404-7412
Aquila D. Leon,1320 In Rd.,Uzbekistan,(598) 997-1690,694381-9216
Kasimir L. Michael,5794 Mollis Rd.,Pakistan,(370) 622-8759,934315-6023
Illana L. Kelly,652-8584 Neque St.,Tajikistan,(884) 156-3507,602857-1021
Cade Q. Solomon,Ap #444-4930 Sapien. St.,Jersey,(189) 763-9060,694396-1711
Georgia O. Morse,"P.O. Box 715, 7622 Aliquet Road",Antigua and Barbuda,(118) 266-5803,696496-5773
Alika X. Flores,"P.O. Box 770, 9866 Proin Ave",Gibraltar,(304) 764-6889,423772-6692
Amos E. Vargas,Ap #280-1375 Nulla Av.,Bhutan,(638) 742-6676,827752-2051
Ella C. Soto,"P.O. Box 415, 6516 Lobortis Rd.",Senegal,(309) 258-4127,028548-2923
Wade F. Sutton,"7966 Ultrices, Ave",Lesotho,(337) 994-6715,308905-0045
Meredith R. Huber,"P.O. Box 209, 1561 Amet, Avenue",Turkey,(996) 373-8650,539361-6387
Yolanda L. Nichols,"920-5915 Nec, Street",Dominican Republic,(685) 463-0478,553087-0855
Garrett E. Maddox,"133-8191 Leo, Ave",Myanmar,(140) 985-1621,935068-4800
Blair O. Branch,146-3861 Elementum Av.,Cayman Islands,(739) 718-8052,039711-1402
Sybill U. Anthony,"P.O. Box 448, 3419 Netus Street",Belize,(505) 313-0318,477112-5129
Mark S. Wolfe,3445 Sem Rd.,Taiwan,(280) 719-3561,069438-2383
Xavier F. Shields,Ap #148-7815 Eros Rd.,Colombia,(473) 684-4830,378206-7486
Isabella Q. Rojas,"P.O. Box 992, 4694 Blandit Street",Antarctica,(559) 797-7613,805691-6243
Penelope F. Gordon,"P.O. Box 980, 7333 Cras Street",Iran,(281) 501-9195,838899-3829
Myra Q. Torres,"P.O. Box 942, 5132 Odio Ave",Brazil,(418) 833-9405,786858-4215
Rashad L. Mcdonald,Ap #391-7931 Vestibulum Av.,Madagascar,(259) 570-5417,784060-5963
Leila D. Hyde,799-6623 Varius Rd.,Moldova,(479) 460-9168,285900-3945
Brennan X. Blake,246-8319 Ut Rd.,Cook Islands,(375) 484-2615,254033-7488
Briar Z. Peters,625 Quis Road,Zambia,(951) 421-2090,765844-6955
Ruth A. Fuentes,408-4658 Sed St.,Benin,(801) 437-0854,866958-1459
Leila L. Gonzalez,"P.O. Box 834, 7009 Ante Rd.",Turkey,(164) 731-3343,375014-9183
Raymond G. Martin,Ap #482-1746 Auctor Ave,Marshall Islands,(716) 897-6947,544193-0301
Nehru E. Mathews,"P.O. Box 987, 8698 Lacus. Rd.",Equatorial Guinea,(436) 785-4709,188590-0769
Drake S. Williamson,"P.O. Box 136, 9468 Pede. Road",Slovenia,(109) 907-7668,892024-6397
Bradley O. Sexton,"P.O. Box 197, 3474 Auctor St.",French Southern Territories,(448) 179-5607,579541-9018
Amal W. Benton,"P.O. Box 138, 7423 Nostra, St.",Syria,(688) 526-6632,978123-0918
Blaine P. Atkinson,"P.O. Box 795, 5709 Suspendisse St.",Holy See (Vatican City State),(116) 265-5850,529498-5964
Aaron J. Reese,"P.O. Box 845, 9401 Duis Road",Ethiopia,(715) 711-6301,314217-0699
Claire Z. England,317-1945 Tortor. Ave,Antigua and Barbuda,(680) 481-7212,403078-7289
Ria Y. Hatfield,Ap #853-3952 Ac St.,Norfolk Island,(177) 838-2059,183263-6680
Austin V. Henry,Ap #418-5546 Sed St.,American Samoa,(793) 426-1591,168172-2011
Kessie U. Rodriquez,"P.O. Box 605, 5348 Sed Ave",Micronesia,(495) 728-4534,425211-8262
Wade X. Morgan,Ap #348-6095 Risus Rd.,Bouvet Island,(158) 459-6441,403105-6023
Wynter T. Washington,Ap #313-5371 Iaculis Rd.,Yemen,(661) 489-1590,908970-4390
